val,test
3.3183202743530273,3.318253517150879
3.3182661533355713,3.3182694911956787
3.3184804916381836,3.3177895545959473
3.318221092224121,3.3182196617126465
3.3186986446380615,3.3178908824920654
3.3182761669158936,3.3180055618286133
3.318544387817383,3.3180017471313477
3.318162679672241,3.3179028034210205
3.3180713653564453,3.317901134490967
3.3185722827911377,3.3183178901672363
