val,test
0.3177448809146881,0.3067547380924225
0.2568460702896118,0.25163620710372925
0.22006557881832123,0.21956758201122284
0.20218144357204437,0.2036600112915039
0.19158485531806946,0.1867387294769287
0.18220023810863495,0.1784788817167282
0.16968517005443573,0.1705247163772583
0.16662447154521942,0.16496098041534424
0.164717897772789,0.16298043727874756
0.1599324345588684,0.15912261605262756
