val,test
0.4784931540489197,0.4797215759754181
0.4011775553226471,0.3985351622104645
0.3528710901737213,0.3501916527748108
0.3208205997943878,0.31796562671661377
0.3018881678581238,0.3013269305229187
0.2922292947769165,0.2933344542980194
0.29318374395370483,0.28920039534568787
0.2885986268520355,0.2873918414115906
0.2867083251476288,0.2849876284599304
0.2880445420742035,0.28517740964889526
