val,test
0.21402332186698914,0.2121330350637436
0.17005209624767303,0.1735461950302124
0.15357795357704163,0.15346801280975342
0.14782321453094482,0.1462569683790207
0.14500008523464203,0.14236050844192505
0.14133548736572266,0.1375981867313385
0.13512112200260162,0.13346920907497406
0.13460826873779297,0.1339777410030365
0.12835544347763062,0.12847328186035156
0.1313229501247406,0.1296463906764984
