val,test
3.1498796939849854,3.1499807834625244
3.149818181991577,3.1502907276153564
3.1496973037719727,3.150110960006714
3.149895429611206,3.149970293045044
3.149704694747925,3.1500165462493896
3.1498515605926514,3.1502397060394287
3.149946451187134,3.1502227783203125
3.149834394454956,3.1503899097442627
3.149993419647217,3.150357484817505
3.1497395038604736,3.1501331329345703
