val,test
1.0031222105026245,1.0184376239776611
0.9250720739364624,0.9383808374404907
0.8137757182121277,0.839269757270813
0.8010245561599731,0.8182921409606934
0.7889200448989868,0.8145191669464111
0.7969025373458862,0.8143494725227356
0.785301685333252,0.8035150170326233
0.787611186504364,0.8096842765808105
0.7880098819732666,0.8008819818496704
0.785290002822876,0.8019673228263855
