val,test
0.8879615664482117,0.8770872354507446
0.842542827129364,0.8348997235298157
0.8251767158508301,0.8225231170654297
0.8126672506332397,0.8107591271400452
0.807490885257721,0.8064316511154175
0.7954298853874207,0.7941112518310547
0.8003773093223572,0.792345404624939
0.7873319983482361,0.7904963493347168
0.7943114042282104,0.7896435856819153
0.7866005301475525,0.7905473113059998
