val,test
0.7278686761856079,0.7301424741744995
0.7149384021759033,0.7194969058036804
0.7120699286460876,0.715062141418457
0.7148213982582092,0.7167103290557861
0.7137603163719177,0.713416337966919
0.716812789440155,0.7167454361915588
0.7174325585365295,0.7154262065887451
0.7123408913612366,0.7132223844528198
0.7157574892044067,0.7229407429695129
0.7187584042549133,0.7183228731155396
