val,test
0.9370530843734741,0.951907217502594
0.8325704336166382,0.8640967011451721
0.821269154548645,0.8367186784744263
0.8105581402778625,0.8371942639350891
0.8086934685707092,0.8369096517562866
0.8046027421951294,0.8278015851974487
0.8073720335960388,0.8295527100563049
0.7976529002189636,0.8252896070480347
0.8009258508682251,0.823932409286499
0.8087306022644043,0.8220358490943909
