val,test
0.9169360995292664,0.9199631810188293
0.8795544505119324,0.8804910182952881
0.8557068109512329,0.8629863262176514
0.8581286072731018,0.8603637218475342
0.8555628657341003,0.859878659248352
0.8370829820632935,0.8572031259536743
0.8449742197990417,0.8535003662109375
0.8392623066902161,0.850614070892334
0.8307543396949768,0.8420771956443787
0.8232122659683228,0.8417086005210876
