val,test
0.9824563264846802,1.0130020380020142
0.9548781514167786,0.9866321086883545
0.9104436635971069,0.9444307088851929
0.886455237865448,0.9129547476768494
0.858960747718811,0.8944013118743896
0.8482177257537842,0.8775832653045654
0.8302443027496338,0.8594122529029846
0.8258724212646484,0.8525131344795227
0.8098366856575012,0.8465620279312134
0.8055233359336853,0.8360733389854431
