val,test
0.7403810024261475,0.7321697473526001
0.730191707611084,0.7188596725463867
0.7206589579582214,0.7138649225234985
0.7284409403800964,0.715375542640686
0.7214130759239197,0.7137852311134338
0.7271584272384644,0.715813934803009
0.73049396276474,0.7154863476753235
0.7308407425880432,0.7184808254241943
0.7270567417144775,0.7141518592834473
0.7326145172119141,0.7179841995239258
