val,test
1.1580814123153687,1.1565470695495605
1.1580647230148315,1.156297206878662
1.1578879356384277,1.156869888305664
1.158085584640503,1.1562919616699219
1.1580671072006226,1.1564947366714478
1.1578998565673828,1.1564478874206543
1.1579599380493164,1.1566460132598877
1.1576939821243286,1.156323790550232
1.157812237739563,1.1567302942276
1.15775728225708,1.156381607055664
