val,test
0.9195429682731628,0.8742681741714478
0.8473941087722778,0.7983798384666443
0.830851674079895,0.7878137826919556
0.8136599659919739,0.7761707305908203
0.8189507126808167,0.7677488923072815
0.8095166087150574,0.7629260420799255
0.8100042343139648,0.7574238777160645
0.8051801323890686,0.7593668103218079
0.7994599938392639,0.7544990181922913
0.8043215274810791,0.7566041350364685
