val,test
0.7240490317344666,0.7268456816673279
0.717227041721344,0.7202821373939514
0.712216854095459,0.7229254245758057
0.7118538022041321,0.7171001434326172
0.7116686701774597,0.7133201956748962
0.7229143977165222,0.717566192150116
0.7166755199432373,0.7136664986610413
0.7126896977424622,0.7120104432106018
0.720317006111145,0.716390073299408
0.7327114939689636,0.7287636399269104
