val,test
0.993291437625885,0.9749870300292969
0.8602408170700073,0.8545326590538025
0.8168520927429199,0.817880392074585
0.8037530779838562,0.8121086359024048
0.8060894012451172,0.8011460304260254
0.7941433787345886,0.7973490357398987
0.8019251823425293,0.7985620498657227
0.7826444506645203,0.7942373156547546
0.7880951762199402,0.7864078879356384
0.783502459526062,0.7877036333084106
