val,test
0.7574866414070129,0.7369348406791687
0.735563337802887,0.7226030230522156
0.7422530055046082,0.7248489260673523
0.7295606732368469,0.708233118057251
0.7311899065971375,0.7132893204689026
0.7337327599525452,0.7162810564041138
0.7251957654953003,0.7127776741981506
0.7358635067939758,0.7197001576423645
0.7410137057304382,0.7274289131164551
0.7371014356613159,0.718940258026123
