val,test
1.0506647825241089,1.080096960067749
1.051192045211792,1.0813664197921753
1.0512012243270874,1.0805741548538208
1.0509315729141235,1.0803639888763428
1.0516709089279175,1.079804539680481
1.051544189453125,1.0809146165847778
1.0508085489273071,1.0804599523544312
1.0516968965530396,1.0799709558486938
1.0505489110946655,1.0801527500152588
1.0515339374542236,1.079574465751648
