val,test
0.7467277646064758,0.7332839369773865
0.731524646282196,0.7186704874038696
0.7315764427185059,0.7170716524124146
0.7285065054893494,0.7154643535614014
0.7357791066169739,0.710900604724884
0.7295466065406799,0.7129209637641907
0.7255619168281555,0.7128881812095642
0.7295147776603699,0.7163378000259399
0.7314943671226501,0.7145344018936157
0.7331347465515137,0.7109505534172058
