val,test
1.0921058654785156,1.092943787574768
1.0537967681884766,1.0562410354614258
1.0175745487213135,1.0190577507019043
0.9743130803108215,0.9746981263160706
0.9424821138381958,0.9430928826332092
0.9274782538414001,0.9211567640304565
0.9052843451499939,0.901564359664917
0.8969023823738098,0.8893505930900574
0.8875898718833923,0.8775613307952881
0.8690820336341858,0.8627439141273499
