val,test
2.0360214710235596,2.0147314071655273
2.0336177349090576,2.012599229812622
2.034132957458496,2.0145761966705322
2.0350911617279053,2.0143754482269287
2.0335288047790527,2.014416456222534
2.035189390182495,2.0131754875183105
2.034064531326294,2.0135679244995117
2.034238338470459,2.014335870742798
2.0342164039611816,2.0129024982452393
2.036449432373047,2.013944625854492
