val,test
1.9933907985687256,1.9902184009552002
1.9723846912384033,1.9696601629257202
1.9460766315460205,1.9466826915740967
1.9116297960281372,1.917364478111267
1.8888189792633057,1.889208436012268
1.862024188041687,1.8751931190490723
1.843666911125183,1.8500365018844604
1.818727970123291,1.819512963294983
1.7583266496658325,1.7565126419067383
1.6936920881271362,1.699246883392334
