val,test
1.0763386487960815,1.0901507139205933
1.0685900449752808,1.0661559104919434
1.0647382736206055,1.0681592226028442
1.0682868957519531,1.0621274709701538
1.0578176975250244,1.0616528987884521
1.0606281757354736,1.0515470504760742
1.0524873733520508,1.051895022392273
1.0516455173492432,1.0503525733947754
1.0519170761108398,1.0542047023773193
1.0570429563522339,1.0495738983154297
