val,test
2.0073676109313965,1.9897772073745728
1.9869047403335571,1.9747260808944702
1.9705671072006226,1.9627344608306885
1.9557124376296997,1.9525610208511353
1.937556505203247,1.9411064386367798
1.9092493057250977,1.9134122133255005
1.8740172386169434,1.883871078491211
1.8404698371887207,1.8457633256912231
1.8052815198898315,1.8223439455032349
1.7767648696899414,1.781152606010437
