val,test
1.0872831344604492,1.0941975116729736
1.0638362169265747,1.0685083866119385
1.0701924562454224,1.0692397356033325
1.0617737770080566,1.0648412704467773
1.0559532642364502,1.0542985200881958
1.061586618423462,1.0570627450942993
1.0513184070587158,1.0531079769134521
1.0552748441696167,1.0526959896087646
1.0529969930648804,1.0491513013839722
1.0587745904922485,1.052611231803894
