val,test
1.9531675577163696,1.9485727548599243
1.938955545425415,1.9351168870925903
1.913586974143982,1.910484790802002
1.8644556999206543,1.8648215532302856
1.8053317070007324,1.8047711849212646
1.7525380849838257,1.745204210281372
1.6966742277145386,1.706500768661499
1.6641693115234375,1.663038969039917
1.6409541368484497,1.6437909603118896
1.626800537109375,1.6111071109771729
