val,test
0.13804371654987335,0.13849715888500214
0.13519839942455292,0.13690516352653503
0.13474419713020325,0.13386279344558716
0.13233724236488342,0.1324993371963501
0.13189338147640228,0.13151462376117706
0.13177567720413208,0.1324039101600647
0.1320134550333023,0.1325378566980362
0.13181349635124207,0.13078370690345764
0.1310715228319168,0.13102924823760986
0.13214720785617828,0.13026155531406403
