val,test
0.15577039122581482,0.15982715785503387
0.13824257254600525,0.14142544567584991
0.13543984293937683,0.13733617961406708
0.1331520676612854,0.1367306113243103
0.13243742287158966,0.13600584864616394
