val,test
0.38492903113365173,0.38343578577041626
0.38698914647102356,0.3813040852546692
0.3859784007072449,0.3816891610622406
0.3831336796283722,0.3805243670940399
0.38665157556533813,0.3842391073703766
0.3818860352039337,0.37924912571907043
0.3837908208370209,0.38183867931365967
0.3853209912776947,0.3815496265888214
0.3841610252857208,0.38116541504859924
0.382537305355072,0.3816468119621277
