val,test
0.49588292837142944,0.4979647099971771
0.42404040694236755,0.42390334606170654
0.41187584400177,0.40928396582603455
0.4099360406398773,0.40992215275764465
0.40588292479515076,0.4081631898880005
0.4118393063545227,0.4017515778541565
0.407747358083725,0.4009181261062622
0.4050064980983734,0.4005908966064453
0.40355995297431946,0.40162011981010437
0.40579986572265625,0.39839795231819153
