val,test
0.13377772271633148,0.13704194128513336
0.13053102791309357,0.13061058521270752
0.12739457190036774,0.12969255447387695
0.12939126789569855,0.1291540563106537
0.12499174475669861,0.12693358957767487
0.12463880330324173,0.12663774192333221
0.12567877769470215,0.12644754350185394
0.1263895481824875,0.12686197459697723
0.12653712928295135,0.12695913016796112
0.12526898086071014,0.12706610560417175
