val,test
0.4996076226234436,0.49457406997680664
0.5018523931503296,0.49991217255592346
0.4993954300880432,0.5000523328781128
0.49814778566360474,0.49640655517578125
0.5008675456047058,0.4993598759174347
0.503354549407959,0.49934133887290955
0.49843326210975647,0.4967872202396393
0.4980446696281433,0.49782514572143555
0.5007095336914062,0.49940499663352966
0.49400514364242554,0.5009898543357849
