val,test
0.23567089438438416,0.21880893409252167
0.23536333441734314,0.21866950392723083
0.23494911193847656,0.21839362382888794
0.23541663587093353,0.2189558744430542
0.23525044322013855,0.21957626938819885
0.23469865322113037,0.21871253848075867
0.23545050621032715,0.2188536822795868
0.2355821430683136,0.21873965859413147
0.23498673737049103,0.2182697206735611
0.2362716943025589,0.21789708733558655
