val,test
0.3847590386867523,0.3848332166671753
0.3808426260948181,0.38183504343032837
0.3798511326313019,0.3825782537460327
0.3795225918292999,0.3824807405471802
0.3797835409641266,0.3810202479362488
0.3823185861110687,0.3811679482460022
0.37905845046043396,0.3814491927623749
0.37930533289909363,0.3811384439468384
0.37988558411598206,0.38126057386398315
0.3777647912502289,0.38097089529037476
