val,test
0.2354831099510193,0.24366448819637299
0.23523207008838654,0.2439739853143692
0.23566770553588867,0.2436143010854721
0.2358597069978714,0.24341724812984467
0.23510727286338806,0.24371305108070374
0.23510727286338806,0.24381138384342194
0.23572388291358948,0.24363434314727783
0.235831156373024,0.24390088021755219
0.23515185713768005,0.24412217736244202
0.23499548435211182,0.2435910403728485
