val,test
0.31085267663002014,0.30129534006118774
0.3120908737182617,0.29912877082824707
0.312315434217453,0.2998809516429901
0.31125855445861816,0.29941457509994507
0.3119949400424957,0.30043551325798035
0.3118077218532562,0.299939900636673
0.3126565217971802,0.29930436611175537
0.3118712604045868,0.29998958110809326
0.3118979334831238,0.2991669774055481
0.3115823268890381,0.30108338594436646
