val,test
0.47433778643608093,0.4762625992298126
0.43780162930488586,0.4489550292491913
0.4282546639442444,0.43185853958129883
0.4103597402572632,0.415012001991272
0.40395668148994446,0.410989373922348
0.3988302946090698,0.40637460350990295
0.3938170373439789,0.40509113669395447
0.39275628328323364,0.4065614938735962
0.39250755310058594,0.40149641036987305
0.3899509310722351,0.4056277573108673
