val,test
0.17026852071285248,0.17337262630462646
0.1449519544839859,0.14718127250671387
0.14056779444217682,0.1407666951417923
0.13442978262901306,0.13882000744342804
0.1335456520318985,0.1374746710062027
0.13106673955917358,0.13557687401771545
0.13264061510562897,0.13540521264076233
0.1291394829750061,0.13387319445610046
0.13096052408218384,0.13468681275844574
0.1288231760263443,0.13485395908355713
