val,test
0.17983567714691162,0.16920208930969238
0.16531522572040558,0.15594713389873505
0.15678444504737854,0.14948485791683197
0.1535951793193817,0.1464361548423767
0.15169428288936615,0.14513692259788513
0.15019160509109497,0.14344020187854767
0.14772622287273407,0.14219392836093903
0.14726752042770386,0.14279770851135254
0.14586125314235687,0.14147453010082245
0.1470765620470047,0.1412864476442337
