val,test
0.17396189272403717,0.17572945356369019
0.13549183309078217,0.13799336552619934
0.1334909051656723,0.13456827402114868
0.13244843482971191,0.13400933146476746
0.13144119083881378,0.1327500343322754
