val,test
0.24916879832744598,0.2846463918685913
0.2571102976799011,0.2828879952430725
0.25460338592529297,0.28471991419792175
0.25135722756385803,0.28417834639549255
0.2528451681137085,0.28472861647605896
0.25141850113868713,0.28039124608039856
0.246123269200325,0.2831572890281677
0.24611781537532806,0.28576430678367615
0.25454607605934143,0.27766162157058716
0.25336915254592896,0.28315556049346924
