val,test
0.19610805809497833,0.21529190242290497
0.1969556361436844,0.22034776210784912
0.19496385753154755,0.21534864604473114
0.196889266371727,0.21833749115467072
0.18995212018489838,0.21786287426948547
0.1906348466873169,0.21976613998413086
0.19656166434288025,0.21601249277591705
0.196282297372818,0.21794439852237701
0.19631902873516083,0.2131190299987793
0.19898153841495514,0.2124660164117813
